	SW48_000085	SW48_000086	SW48_000087	SW48_000088	SW48_000089	SW48_000090	SW48_000091	SW48_000092	SW48_000093	SW48_000094	SW48_000095	SW48_000096	SW48_000098	SW48_000099	SW48_000100	PP48_000085-4	PP48_000086-4	PP48_000087-4	PP48_000088-4	PP48_000089-4	PP48_000090-4	PP48_000091-4	PP48_000092-4	PP48_000093-4	PP48_000094-4	PP48_000095-4	PP48_000096-4	PP48_000097-4	PP48_000098-4	PP48_000099-4	PP48_000100-4	PP48_000101-4
erpe_2018_pw_24hr_WHONDRS-PP48-000093_B_bin.4	13200.93043	21954.26809	16993.4109	15256.94341	17931.16486	16565.44395	19686.67639	23366.82706	26586.18555	14587.66634	13756.88567	12686.5297	18381.54797	17007.40863	19294.41319	23135.59486	20299.45569	24145.5238	23004.16608	7132.724489	19815.57661	21394.75531	12507.69418	19541.40172	24412.30042	5495.93732	22028.86592	21954.26809	21673.49526	21954.26809	0	21954.26809
erpe_2018_pw_0hr_WHONDRS-PP48-000085_F_bin.14	0	0	0	0	0	0	0	0	0	0	0	0	0	0	0	7164.980544	17308.84002	33134.01258	37402.17938	23795.96392	27982.04316	39635.82246	32705.31219	30443.00211	34925.10198	12746.64744	38427.93732	63527.46887	37152.03161	53629.64214	2462.004156	52416.91396
erpe_2018_sw_33hr_WHONDRS-SW48-000096_F_bin.5	5098.648994	9053.399628	5807.818423	5928.209828	6216.244254	6694.847533	6061.023658	6429.158838	7351.333937	5532.839213	7051.055028	5061.69377	5322.528788	6036.753951	7353.053396	6159.154655	6947.452201	6442.39325	7918.443779	16202.16033	10978.53456	9401.753817	15553.10561	8884.442641	6003.66578	10433.77687	8978.011145	0	9330.501346	0	0	0
erpe_2018_pw_9hr_WHONDRS-PP48-000088_B_bin.18	0	0	0	0	0	0	0	0	0	0	0	0	0	0	0	1326.456871	0	0	35250.10173	19886.96715	11555.06306	57620.15749	0	0	0	0	0	0	0	0	1091.342428	0
erpe_2018_pw_27hr_WHONDRS-PP48-000094_A_bin.9	0	0	0	0	0	0	0	0	0	0	0	0	0	0	0	0	0	0	6293.436538	0	7080.058884	7707.917171	0	8121.904673	12918.82912	5759.890983	19849.87106	14077.62818	11786.03723	10696.86503	387.5203327	11538.2066
erpe_2018_pw_0hr_WHONDRS-PP48-000085_B_bin.1	0	0	0	0	0	0	0	0	0	0	0	0	0	0	0	4157.617068	5303.255997	10575.21071	9430.924082	0	7000.927521	8791.40423	9211.996817	8644.6444	8507.013809	0	0	20516.98795	10909.19547	0	0	0
erpe_2018_pw_24hr_WHONDRS-PP48-000093_B_bin.14	0	0	0	0	0	0	0	0	0	0	0	0	0	0	0	1770.482845	1726.869979	4801.981405	4956.619733	3732.184657	3723.099222	7659.614912	6764.707691	5057.667928	7481.690343	3875.302672	7994.523013	12697.14979	8127.867233	10224.22201	384.3727417	8836.723294
erpe_2018_pw_24hr_WHONDRS-PP48-000093_B_bin.22	0	0	0	0	0	0	0	0	0	0	0	0	0	0	0	402.1824333	0	0	0	0	3684.475581	3238.44178	8924.682433	10165.58818	8549.475939	2970.457262	6637.215298	16503.25878	9121.071365	11467.39752	383.6602101	8131.945631
erpe_2018_pw_30hr_WHONDRS-PP48-000095_B_bin.9	0	0	0	0	0	0	0	0	0	0	0	0	0	0	0	885.8608472	0	3600.065685	4781.195994	5741.265237	3583.206277	6406.732954	5795.090418	4222.43959	4521.463492	1866.276632	5321.227175	13604.99845	5600.217889	9830.560132	419.1138447	7558.111613
erpe_2018_pw_9hr_WHONDRS-PP48-000088_B_bin.13	0	0	0	0	0	0	0	0	0	0	0	0	0	0	0	690.0486101	0	4025.210348	5517.5761	3703.122997	4215.629153	6636.730337	4896.283872	3817.88836	4869.10506	1771.144396	6374.058583	11501.17915	6949.976843	10249.71986	471.6751552	7680.177724
erpe_2018_pw_21hr_WHONDRS-PP48-000092_B_bin.4	0	0	0	0	0	0	0	0	0	0	0	0	0	0	0	557.399225	0	3392.294199	4368.170989	3134.751822	3554.081539	5717.976446	4493.64759	3316.298153	4125.60686	1520.584126	5370.626589	9825.527531	5889.451951	8662.219764	390.8754571	6497.616043
erpe_2018_sw_39hr_WHONDRS-SW48-000098_B_bin.30	2814.373496	3481.986144	3123.904065	2560.894384	3105.285391	2631.437932	3169.379002	3356.031686	3809.691854	2639.438091	2419.956239	1985.656995	3586.648114	2405.16421	3179.135817	2973.350576	0	0	0	0	0	0	0	0	0	0	0	0	0	0	0	0
erpe_2018_pw_42hr_WHONDRS-PP48-000099_B_bin.12	0	0	0	0	0	0	0	0	0	0	0	0	0	0	0	0	0	0	0	0	0	1917.992826	0	1523.965143	2971.595744	785.0706921	6762.196838	7723.471047	7694.963536	16094.94579	397.523446	0
erpe_2018_pw_0hr_WHONDRS-PP48-000085_A_bin.37	0	0	0	0	0	0	0	0	0	0	0	0	0	0	0	426.1366121	0	2362.129424	2998.587107	2125.978461	2255.086835	3911.86513	2752.870147	2079.939832	2586.080696	939.4606103	3273.759526	5759.10984	3435.365027	5218.766634	227.145384	3775.541782
erpe_2018_sw_6hr_WHONDRS-SW48-000087_A_bin.76	1983.47765	2898.179397	2249.017455	1750.543923	2567.499163	2740.170909	2289.953452	2500.635967	2863.139587	1943.669168	1498.860995	1428.63505	2603.816717	1821.124673	1343.227741	2560.952254	2085.822795	0	0	0	0	3099.376208	0	2058.657016	0	754.5909364	0	0	0	0	0	0
erpe_2018_pw_0hr_WHONDRS-PP48-000085_B_bin.27	1531.896573	2061.086296	1844.299241	1596.553519	1960.683344	1962.541969	2132.394484	2369.59325	2859.322576	1699.18329	1600.358726	1374.332262	2010.793203	1631.971728	2013.224236	4396.742824	5102.470833	0	0	0	0	0	0	4223.150498	0	0	0	0	0	0	0	0
erpe_2018_sw_21hr_WHONDRS-SW48-000092_B_bin.40	2270.45747	2843.655732	2473.4434	1999.809128	2635.594878	2201.394849	2742.300038	2953.374705	3511.940774	2295.299974	2009.060248	1660.69945	3125.383752	2018.270283	2781.659852	2757.504102	0	0	0	0	0	0	0	0	0	0	0	0	0	0	0	0
erpe_2018_pw_15hr_WHONDRS-PP48-000090_B_bin.10	0	0	0	0	0	0	0	0	0	0	0	0	0	0	0	3902.1274	5569.961845	2997.488606	2727.339649	0	4861.790114	4423.251252	0	2642.179399	3345.604925	932.4490752	3484.243987	0	0	0	0	3373.216815
erpe_2018_pw_9hr_WHONDRS-PP48-000088_B_bin.19	0	0	0	0	0	0	0	0	0	0	0	0	0	0	0	0	0	0	9232.243711	0	0	8330.847811	0	0	0	926.0501985	5799.368503	0	0	12344.482	0	0
erpe_2018_pw_18hr_WHONDRS-PP48-000091_B_bin.69	0	0	0	0	0	0	0	0	0	0	0	0	0	193.0514082	0	456.1186274	0	0	6366.323304	3772.23602	3154.578061	8136.12231	0	0	3226.300037	839.3249975	4829.687661	0	4481.957643	0	0	0
erpe_2018_pw_18hr_WHONDRS-PP48-000091_B_bin.43	0	0	0	0	0	0	0	0	0	0	0	0	0	0	0	0	0	0	7472.411938	0	0	8337.643826	0	0	0	854.2160005	5235.110597	0	0	11464.49533	0	0
erpe_2018_pw_0hr_WHONDRS-PP48-000085_B_bin.9	0	0	0	0	0	0	0	0	0	0	0	0	0	0	0	593.9268052	1502.82363	1665.864846	1621.890372	2430.18973	2141.806521	2345.299319	2085.642736	2972.174125	1593.220212	1678.445776	3064.297828	2711.598021	2840.178172	2766.827339	0	0
erpe_2018_pw_30hr_WHONDRS-PP48-000095_B_bin.32	0	0	0	0	0	0	0	0	0	0	0	0	0	0	0	0	0	0	0	0	0	1106.065557	0	1753.855101	2839.346755	1085.409457	5019.307773	5071.221061	3941.719686	4606.196409	206.7310083	3689.109112
erpe_2018_pw_48hr_WHONDRS-PP48-000101_B_bin.4	0	0	0	0	0	0	0	0	0	0	0	0	0	0	0	0	0	0	0	0	0	0	0	0	0	0	0	0	0	14882.86521	0	14034.02701
erpe_2018_pw_12hr_WHONDRS-PP48-000089_B_bin.9	0	0	0	0	0	0	0	0	0	0	0	0	0	192.464192	0	419.1842607	0	0	4366.572595	5132.028646	0	8713.22197	1948.037743	0	0	0	0	0	5624.627238	0	303.5038658	0
erpe_2018_pw_3hr_WHONDRS-PP48-000086_B_bin.13	253.7374305	0	258.4173433	0	0	0	200.3226015	201.0259204	0	0	0	0	0	0	0	4380.804189	5189.175426	3729.546467	0	0	4143.877104	4500.534866	0	2772.897655	0	767.8822201	0	0	0	0	0	0
erpe_2018_pw_0hr_WHONDRS-PP48-000085_B_bin.29	988.3422464	1318.651032	1123.271961	946.9628495	1282.906987	1157.405085	1252.759425	1482.676253	1849.024405	1103.710215	1031.100145	860.7076229	1115.895691	1108.855873	1320.282129	2501.10841	4722.860069	0	0	0	0	0	0	0	0	0	0	0	0	0	0	0
erpe_2018_pw_18hr_WHONDRS-PP48-000091_A_bin.35	0	0	0	0	0	0	0	0	0	0	0	0	0	212.812865	0	0	0	0	5741.670936	4227.209738	0	8944.567323	0	0	0	0	0	0	5399.704565	0	299.6368255	0
erpe_2018_pw_24hr_WHONDRS-PP48-000093_B_bin.7	0	0	0	0	0	0	0	0	0	0	0	0	0	0	0	1966.433759	2708.962198	4243.606189	0	0	0	5214.84664	3377.071926	5137.956129	0	0	0	0	0	0	0	0
erpe_2018_pw_18hr_WHONDRS-PP48-000091_A_bin.17	0	0	0	0	0	0	0	0	0	0	0	0	0	0	0	359.5992811	782.6506614	716.7746972	0	1064.373119	1462.360147	1694.229805	819.3026614	1073.738058	0	313.9533964	1688.989497	2168.651639	2530.101425	2938.678681	0	1289.462002
erpe_2018_sw_3hr_WHONDRS-SW48-000086_B_bin.13	1486.921575	3634.57733	2025.44228	986.1140984	1141.336991	1156.386025	894.8976206	810.8170463	1136.876557	1540.195599	872.7195069	490.0616088	1255.030607	558.2713481	635.945227	0	0	0	0	0	0	0	0	0	0	0	0	0	0	0	0	0
erpe_2018_pw_0hr_WHONDRS-PP48-000085_B_bin.5	0	0	0	0	0	0	0	0	0	0	0	0	0	0	0	3362.78395	3982.323068	0	0	0	0	7465.338735	3698.278624	0	0	0	0	0	0	0	0	0
erpe_2018_pw_48hr_WHONDRS-PP48-000101_A_bin.11	0	0	0	0	0	0	0	0	0	0	0	0	0	0	0	0	0	0	0	0	0	881.2353931	748.1618152	976.0770363	1501.447222	563.9520625	1552.655296	3003.833231	1682.127344	2636.021311	112.3517034	3271.618355
erpe_2018_pw_0hr_WHONDRS-PP48-000085_A_bin.1	0	0	0	0	0	0	0	0	0	0	0	0	0	0	0	816.2911077	1500.010455	0	0	0	2153.660525	2007.295839	1160.591655	1779.581093	0	899.8930883	2132.970568	0	2871.49793	0	0	0
erpe_2018_pw_18hr_WHONDRS-PP48-000091_B_bin.11	0	0	0	0	0	0	0	0	0	0	0	0	0	0	0	0	0	0	5168.566775	0	0	9150.188914	0	0	0	0	0	0	0	0	0	0
erpe_2018_pw_6hr_WHONDRS-PP48-000087_B_bin.3	0	0	0	0	0	0	0	0	0	0	0	0	0	0	0	1457.571561	2047.026164	3947.715049	0	0	0	3785.492942	0	2998.122277	0	0	0	0	0	0	0	0
erpe_2018_sw_45hr_WHONDRS-SW48-000100_F_bin.11	1128.099311	660.1336215	982.6822754	954.4459897	1202.614709	899.9560356	826.2101646	629.9511068	693.2503145	1003.387551	991.4373104	828.8503613	775.399818	882.2026479	1178.879379	0	0	0	0	0	0	0	0	0	0	0	0	0	0	0	0	0
erpe_2018_sw_33hr_WHONDRS-SW48-000096_B_bin.30	461.6916922	510.190936	674.3767449	592.5129419	536.2555136	626.7148952	865.068227	1101.619658	1054.747298	563.9147448	646.3031584	664.8525703	933.261793	760.6937484	1946.470312	0	0	0	0	0	0	0	0	0	0	0	0	0	0	0	0	0
erpe_2018_pw_0hr_WHONDRS-PP48-000085_B_bin.36	0	0	0	0	0	0	0	0	0	0	0	0	0	0	0	758.7862864	2238.154158	0	0	0	3280.418909	3201.709597	0	2240.516234	0	0	0	0	0	0	0	0
erpe_2018_pw_30hr_WHONDRS-PP48-000095_B_bin.6	0	0	0	0	0	0	0	0	0	0	0	0	0	0	0	0	0	0	5243.851131	0	0	5344.813415	0	0	0	825.7784395	0	0	0	0	0	0
erpe_2018_pw_27hr_WHONDRS-PP48-000094_B_bin.5	0	0	0	0	0	0	0	0	0	0	0	0	0	0	0	0	0	0	4347.391867	0	0	4439.426892	0	0	2577.245833	0	0	0	0	0	0	0
erpe_2018_pw_3hr_WHONDRS-PP48-000086_B_bin.19	0	0	0	0	0	0	0	0	0	0	0	0	0	0	0	3868.909583	4476.434279	0	0	0	0	2863.200629	0	0	0	0	0	0	0	0	0	0
erpe_2018_pw_0hr_WHONDRS-PP48-000085_F_bin.10	0	0	0	0	0	0	0	0	0	0	0	0	0	0	0	3002.592979	2912.770476	0	0	0	0	3482.92984	0	1650.284654	0	0	0	0	0	0	0	0
erpe_2018_pw_0hr_WHONDRS-PP48-000085_B_bin.37	0	0	0	0	0	0	0	0	0	0	0	0	0	0	0	4646.500501	6291.604383	0	0	0	0	0	0	0	0	0	0	0	0	0	0	0
erpe_2018_sw_18hr_WHONDRS-SW48-000091_B_bin.56	499.8904871	823.5586362	691.6639116	513.2938346	593.2781269	619.8145973	800.0333497	541.9017651	761.2306207	573.7405198	471.4856705	339.0302231	460.4228895	312.5539856	855.6107016	609.5695958	0	0	0	0	0	0	0	0	0	1088.506786	0	0	0	0	0	0
erpe_2018_sw_18hr_WHONDRS-SW48-000091_B_bin.51	772.4023511	1591.603026	492.5404866	446.1634549	1068.038252	808.0208889	613.8862327	356.7174531	1031.512527	559.6776475	295.3110777	0	581.7409121	0	0	480.0912965	0	0	0	0	0	0	0	0	0	0	0	0	0	0	0	0
erpe_2018_pw_12hr_WHONDRS-PP48-000089_B_bin.14	0	0	0	0	0	0	0	0	0	0	0	0	0	0	0	0	0	0	0	3963.212643	0	4322.097336	0	0	0	0	0	0	0	0	228.2660648	0
erpe_2018_sw_18hr_WHONDRS-SW48-000091_B_bin.71	464.2914031	400.1425978	531.8964605	563.0311725	793.6401847	697.0233361	608.3006332	551.0896707	459.9105447	542.6005363	543.0043765	556.7692433	617.048415	607.2182662	352.6117999	196.3299654	0	0	0	0	0	0	0	0	0	0	0	0	0	0	0	0
erpe_2018_sw_0hr_WHONDRS-SW48-000085_B_bin.38	966.408599	1778.12422	433.7310343	0	766.6209733	588.3503045	491.1888369	364.1893739	1363.828429	626.1518046	276.7663837	0	596.9389374	0	0	0	0	0	0	0	0	0	0	0	0	0	0	0	0	0	0	0
erpe_2018_sw_0hr_WHONDRS-SW48-000085_A_bin.42	1758.105326	701.7484517	1428.335901	511.3404044	0	0	0	0	366.1185312	1328.190558	1292.783174	362.3686294	0	0	0	0	0	0	0	0	0	0	0	0	0	0	0	0	0	0	0	0
erpe_2018_sw_18hr_WHONDRS-SW48-000091_B_bin.30	466.7837346	487.0113401	445.8111757	359.2733775	447.9304978	440.4801174	558.5441295	503.4398397	781.1686069	457.960495	390.2434523	317.2922608	522.6746882	277.2231434	714.5679014	406.7495365	0	0	0	0	0	0	0	0	0	0	0	0	0	0	0	0
erpe_2018_sw_33hr_WHONDRS-SW48-000096_A_bin.23	489.1016871	415.9293312	524.7752034	517.4260908	501.1052609	411.3336853	432.6922338	510.539585	434.1774763	528.4303957	445.2928242	419.3051314	409.6425947	542.0617338	500.3352718	0	0	0	0	0	0	0	0	0	0	0	0	0	0	0	0	0
erpe_2018_sw_18hr_WHONDRS-SW48-000091_B_bin.20	331.367057	522.2968789	391.3382854	475.359723	445.3676048	370.5313446	542.3486583	507.4599036	546.413337	361.6764811	399.501362	351.6316148	298.5081078	330.1093037	497.8540166	709.3709697	0	0	0	0	0	0	0	0	0	0	0	0	0	0	0	0
erpe_2018_pw_18hr_WHONDRS-PP48-000091_B_bin.40	0	0	0	0	0	0	0	0	0	0	0	0	0	0	0	0	0	0	0	2745.634919	0	4068.285817	0	0	0	0	0	0	0	0	194.21674	0
erpe_2018_pw_0hr_WHONDRS-PP48-000085_B_bin.28	0	0	204.7676515	0	0	0	0	0	308.7060836	0	0	0	0	0	0	1338.706692	0	0	0	0	0	0	0	2798.268193	0	1517.418725	0	0	0	0	0	0
erpe_2018_sw_12hr_WHONDRS-SW48-000089_B_bin.38	524.9324844	404.4698728	392.5868686	397.3502398	521.6154263	396.860377	385.9874517	322.6818596	387.6413938	395.3533596	352.4033255	284.5758134	332.6736122	327.8338409	532.1884454	0	0	0	0	0	0	0	0	0	0	0	0	0	0	0	0	0
erpe_2018_sw_45hr_WHONDRS-SW48-000100_B_bin.13	491.0458187	324.1598197	424.5301181	418.7327871	568.5549867	448.6392534	357.8025092	267.8697806	336.5865989	362.438086	367.1221387	411.4601473	304.3898294	346.9795362	490.8469903	0	0	0	0	0	0	0	0	0	0	0	0	0	0	0	0	0
erpe_2018_sw_15hr_WHONDRS-SW48-000090_B_bin.52	369.141986	305.7662942	402.2328634	470.3935024	316.3382313	375.4934314	369.523176	470.0207507	244.9783272	390.0811233	367.7790352	387.071625	365.7486368	583.3789191	326.8825754	0	0	0	0	0	0	0	0	0	0	0	0	0	0	0	0	0
erpe_2018_sw_30hr_WHONDRS-SW48-000095_B_bin.94	421.8426461	274.2658176	398.8376623	380.114975	445.7327293	409.8883526	430.632717	327.6309417	308.4822652	448.628154	346.8305331	346.2743386	309.5846347	388.2518647	439.2157652	0	0	0	0	0	0	0	0	0	0	0	0	0	0	0	0	0
erpe_2018_sw_6hr_WHONDRS-SW48-000087_B_bin.4	348.9151053	444.1869583	446.0356843	383.8340055	392.7896798	400.3837917	318.7981854	320.5169912	425.3941159	363.7682127	413.6715583	400.4255062	316.6512872	275.9467638	387.138202	0	0	0	0	0	0	0	0	0	0	0	0	0	0	0	0	0
erpe_2018_sw_33hr_WHONDRS-SW48-000096_A_bin.20	443.6858688	319.7491274	379.9356088	395.9227331	431.1628583	387.1293585	348.3429625	355.3395513	272.671319	376.7798558	334.0246603	310.3513873	392.4696847	423.1137495	390.8192905	0	0	0	0	0	0	0	0	0	0	0	0	0	0	0	0	0
erpe_2018_sw_6hr_WHONDRS-SW48-000087_A_bin.16	313.9716005	251.0236586	379.5811214	405.3142244	305.0966103	360.5805289	362.016415	430.0133026	216.2025382	349.9681477	329.7764889	345.5499271	383.0932759	482.8997003	240.1730248	102.4454863	0	0	0	0	0	0	0	0	0	0	0	0	0	0	0	0
erpe_2018_pw_18hr_WHONDRS-PP48-000091_B_bin.38	0	0	0	0	0	0	0	0	0	0	0	0	0	0	0	0	0	0	0	0	0	5255.341906	0	0	0	0	0	0	0	0	0	0
erpe_2018_pw_0hr_WHONDRS-PP48-000085_B_bin.56	0	0	0	0	0	0	0	0	0	0	0	0	0	0	0	2161.423178	2532.319959	0	0	0	0	0	0	0	0	0	0	0	0	0	0	0
erpe_2018_sw_0hr_WHONDRS-SW48-000085_B_bin.51	371.1539361	285.2664806	295.319477	293.9311377	379.4345499	285.5098168	252.1267631	262.6252309	268.2312456	353.390006	312.1269066	296.7335732	277.9263752	330.4314571	341.7509092	0	0	0	0	0	0	0	0	0	0	0	0	0	0	0	0	0
erpe_2018_sw_42hr_WHONDRS-SW48-000099_B_bin.94	330.4684613	232.4320169	326.2819782	356.3131794	410.4280008	298.8641578	277.2125479	251.113359	252.1405165	356.329157	348.1551541	317.1855646	288.5220606	307.1874819	201.7831596	0	0	0	0	0	0	0	0	0	0	0	0	0	0	0	0	0
erpe_2018_sw_6hr_WHONDRS-SW48-000087_B_bin.85	266.086057	158.0550228	278.4576952	286.117417	304.5910533	298.9707261	320.4663545	279.1913031	217.5817436	294.1779119	272.4676817	250.8148656	271.1945944	341.2868012	427.5389878	0	0	0	0	0	0	0	0	0	0	0	0	0	0	0	0	0
erpe_2018_sw_45hr_WHONDRS-SW48-000100_B_bin.30	290.8115678	192.996465	257.3538813	269.8513541	334.2714605	278.5096111	258.9654659	217.8675731	216.8860918	304.2235869	275.3118271	290.9045872	244.3275768	292.3317273	393.3245424	0	0	0	0	0	0	0	0	0	0	0	0	0	0	0	0	0
erpe_2018_sw_42hr_WHONDRS-SW48-000099_B_bin.74	0	0	607.9930795	0	0	0	0	319.9459433	0	0	372.0777371	0	0	1237.696819	1557.090822	0	0	0	0	0	0	0	0	0	0	0	0	0	0	0	0	0
erpe_2018_sw_30hr_WHONDRS-SW48-000095_B_bin.48	363.1230902	551.5242326	276.3031998	285.4036636	314.1334411	325.626124	213.5968003	150.2197002	284.6546779	292.9604169	312.3795591	199.5164195	213.3304743	170.8432172	124.8210545	0	0	0	0	0	0	0	0	0	0	0	0	0	0	0	0	0
erpe_2018_sw_0hr_WHONDRS-SW48-000085_B_bin.27	203.9077553	163.3520244	265.7434154	277.1541777	241.7896429	273.7806424	291.5421996	310.5137087	177.8388523	324.5938345	261.8779324	285.244069	307.2491189	417.5229618	266.2190054	0	0	0	0	0	0	0	0	0	0	0	0	0	0	0	0	0
erpe_2018_sw_21hr_WHONDRS-SW48-000092_B_bin.82	332.4521537	195.2904421	225.3121631	250.1292223	308.5723145	243.4419774	266.3141066	120.8490853	181.6074705	172.1280557	196.8271306	192.7889386	136.2412813	146.375875	437.1136573	0	0	0	0	0	0	0	0	471.0211517	0	187.6266367	0	0	0	0	0	0
erpe_2018_sw_0hr_WHONDRS-SW48-000085_B_bin.65	321.3977311	211.5672524	295.8512081	301.572055	327.0321655	238.7396508	228.0410892	210.1371181	209.3488555	306.722938	268.002951	264.8089245	279.2486892	292.1767674	217.481778	0	0	0	0	0	0	0	0	0	0	0	0	0	0	0	0	0
erpe_2018_sw_30hr_WHONDRS-SW48-000095_B_bin.41	243.8020138	242.8591856	266.8186937	275.9670932	257.2301954	216.3136826	261.8432552	328.7787196	270.1246284	271.4263084	281.3141288	228.4086478	224.6130761	312.7905033	271.9542084	0	0	0	0	0	0	0	0	0	0	0	0	0	0	0	0	0
erpe_2018_sw_27hr_WHONDRS-SW48-000094_A_bin.34	337.5046353	182.0062292	293.5746115	280.8131027	328.2047768	270.7301246	291.3603613	209.4183364	193.1492416	290.3645243	253.8074895	226.4544213	198.5617717	250.9533737	306.0198745	0	0	0	0	0	0	0	0	0	0	0	0	0	0	0	0	0
erpe_2018_pw_0hr_WHONDRS-PP48-000085_B_bin.26	0	0	0	0	0	0	0	0	0	0	0	0	0	0	0	1203.977149	2702.37013	0	0	0	0	0	0	0	0	0	0	0	0	0	0	0
erpe_2018_sw_42hr_WHONDRS-SW48-000099_B_bin.62	330.3893397	178.158604	286.9496367	276.0347119	322.6225853	264.2294579	280.9718579	205.9124998	188.080057	273.7057595	252.6452879	226.5498864	193.736184	258.6646643	300.1982835	0	0	0	0	0	0	0	0	0	0	0	0	0	0	0	0	0
erpe_2018_sw_21hr_WHONDRS-SW48-000092_B_bin.55	284.7644143	342.7514615	284.4524702	260.4824023	279.8608915	222.0750317	287.3480588	300.3030307	294.7265065	211.8280485	179.0512221	0	0	136.0465787	221.7531845	459.964609	0	0	0	0	0	0	0	0	0	0	0	0	0	0	0	0
erpe_2018_pw_0hr_WHONDRS-PP48-000085_B_bin.17	0	0	0	0	0	0	0	0	0	0	0	0	0	0	0	3687.806377	0	0	0	0	0	0	0	0	0	0	0	0	0	0	0	0
erpe_2018_sw_6hr_WHONDRS-SW48-000087_B_bin.62	304.1153055	180.1189117	296.8752827	295.2158937	241.1928048	243.8549296	246.4779156	242.1925106	175.5341276	273.4912229	234.5986803	213.2465455	185.8022996	254.9782515	233.0220185	0	0	0	0	0	0	0	0	0	0	0	0	0	0	0	0	0
erpe_2018_sw_27hr_WHONDRS-SW48-000094_B_bin.8	270.7372788	206.0825617	272.104494	295.5464742	263.6760468	208.480912	170.8845556	218.2681589	198.7507511	267.6290111	242.2720979	207.838729	229.9967834	277.8144375	180.1333681	0	0	0	0	0	0	0	0	0	0	0	0	0	0	0	0	0
erpe_2018_sw_21hr_WHONDRS-SW48-000092_B_bin.42	309.7611993	0	308.1204093	0	0	0	251.0831692	382.4288155	489.7449343	276.2587447	278.4338902	0	474.5304351	199.6942916	380.0975804	0	0	0	0	0	0	0	0	0	0	0	0	0	0	0	0	0
erpe_2018_pw_0hr_WHONDRS-PP48-000085_A_bin.30	0	0	0	0	0	0	0	0	0	0	0	0	0	0	0	1544.84576	1803.497525	0	0	0	0	0	0	0	0	0	0	0	0	0	0	0
erpe_2018_sw_33hr_WHONDRS-SW48-000096_B_bin.51	235.8502895	168.5656088	218.5099446	235.1779682	234.1220289	222.501305	212.7864338	190.9686582	181.5227824	242.0026174	243.3368477	243.7953738	209.2604946	239.4170218	181.8563287	0	0	0	0	0	0	0	0	0	0	0	0	0	0	0	0	0
erpe_2018_pw_0hr_WHONDRS-PP48-000085_B_bin.6	0	0	0	0	0	0	0	0	0	0	0	0	0	0	0	3133.72616	0	0	0	0	0	0	0	0	0	0	0	0	0	0	0	0
erpe_2018_sw_21hr_WHONDRS-SW48-000092_B_bin.69	247.6337615	211.8487859	203.5427007	203.6601235	261.3799756	200.1486025	186.4989347	169.1580363	198.0067061	251.7908486	209.9758889	210.0456572	182.1272968	186.0211252	193.1491594	0	0	0	0	0	0	0	0	0	0	0	0	0	0	0	0	0
erpe_2018_sw_27hr_WHONDRS-SW48-000094_B_bin.11	194.9048436	0	223.8508874	221.7518923	228.041302	213.2498438	229.1084012	200.0457635	135.8396295	220.5972309	212.289464	198.7077741	207.7922108	284.7468512	220.0926152	0	0	0	0	0	0	0	0	0	0	0	0	0	0	0	0	0
erpe_2018_sw_42hr_WHONDRS-SW48-000099_A_bin.74	174.5197196	0	183.5023489	192.6608089	195.9665208	184.2566036	196.1798498	183.1245619	116.9723422	196.8748494	181.8773208	174.8415019	174.4080738	262.3510772	224.7911623	0	0	0	0	0	0	0	0	0	0	0	0	0	0	0	0	0
erpe_2018_sw_45hr_WHONDRS-SW48-000100_B_bin.48	243.1520861	0	182.7303542	195.9666138	231.0044276	187.0207191	185.1311942	116.9426628	124.3704481	192.3374009	232.2887145	211.3428593	0	171.6791848	349.2378688	0	0	0	0	0	0	0	0	0	0	0	0	0	0	0	0	0
erpe_2018_sw_18hr_WHONDRS-SW48-000091_B_bin.28	238.0430891	160.0987478	141.4916585	159.1294284	212.0881709	152.9921264	161.0494733	98.67481089	140.2252606	158.2260858	217.3605607	205.0365479	0	143.4520276	349.6650094	0	0	0	0	0	0	0	0	0	0	0	0	0	0	0	0	0
erpe_2018_sw_21hr_WHONDRS-SW48-000092_B_bin.46	0	0	232.342829	308.9725502	0	0	297.1554701	322.4375306	232.2085794	0	192.3768372	228.2064864	0	314.0791166	304.1577333	0	0	0	0	0	0	0	0	0	0	0	0	0	0	0	0	0
erpe_2018_sw_30hr_WHONDRS-SW48-000095_A_bin.46	142.7523834	0	235.1866053	165.7109855	228.3081237	186.2214568	153.4478401	140.4323362	210.0566056	196.805125	214.0327663	189.0882625	0	134.174827	205.3970574	0	0	0	0	0	0	0	0	0	0	0	0	0	0	0	0	0
erpe_2018_sw_18hr_WHONDRS-SW48-000091_A_bin.51	135.8631496	133.5616035	152.2798904	165.4029446	117.3804984	147.6970136	156.8671915	222.1688993	100.3311407	156.3864347	145.271582	143.7254986	162.9966751	243.5356911	94.37888481	0	0	0	0	0	0	0	0	0	0	0	0	0	0	0	0	0
erpe_2018_sw_30hr_WHONDRS-SW48-000095_B_bin.69	238.6421529	163.696121	150.4877599	130.0233186	190.1245292	179.181288	134.2006472	79.5972641	153.4668419	145.9867743	152.501053	131.9215212	134.2921561	101.4619904	126.903965	0	0	0	0	0	0	0	0	0	0	0	0	0	0	0	0	0
erpe_2018_sw_30hr_WHONDRS-SW48-000095_B_bin.20	190.2536218	0	168.4287588	192.5856769	203.4937024	188.9123066	167.844693	131.1705637	122.0112811	155.4210201	175.0701405	141.0861697	0	162.8301627	107.7306294	0	0	0	0	0	0	0	0	0	0	0	0	0	0	0	0	0
erpe_2018_sw_18hr_WHONDRS-SW48-000091_B_bin.96	134.0942159	0	156.3446787	171.8116982	0	157.9808553	172.8768713	158.847922	155.0154233	129.3065558	149.447567	0	0	111.8442993	133.575038	282.5502167	0	0	0	0	0	0	0	0	0	0	0	0	0	0	0	0
erpe_2018_sw_42hr_WHONDRS-SW48-000099_B_bin.61	116.7609264	0	133.110002	145.8160503	130.4477417	117.7979429	113.5185127	111.8174366	80.50203908	122.6237416	131.6897051	126.9573366	154.2814233	173.1880042	132.3128134	0	0	0	0	0	0	0	0	0	0	0	0	0	0	0	0	0
erpe_2018_sw_30hr_WHONDRS-SW48-000095_B_bin.1	112.5222674	0	123.6136796	125.5379423	121.4109109	121.4479074	131.2042676	139.1027321	91.91677817	142.3128355	127.3513006	124.9862633	119.0511985	165.4359346	137.9568291	0	0	0	0	0	0	0	0	0	0	0	0	0	0	0	0	0
erpe_2018_pw_0hr_WHONDRS-PP48-000085_B_bin.57	0	0	0	0	0	0	0	0	0	0	0	0	0	0	0	1611.762142	0	0	0	0	0	0	0	0	0	0	0	0	0	0	0	0
erpe_2018_sw_6hr_WHONDRS-SW48-000087_B_bin.65	153.7955029	0	129.9590032	125.290007	165.8648162	132.0048304	104.7230713	78.05742339	100.2404035	119.6041393	125.7884644	132.3146128	0	97.68178603	108.503322	0	0	0	0	0	0	0	0	0	0	0	0	0	0	0	0	0
erpe_2018_sw_42hr_WHONDRS-SW48-000099_B_bin.95	111.0189564	0	100.7768164	105.0945441	152.2498861	122.8466164	96.62731217	89.03233973	87.04116624	119.1375222	113.5203805	114.479488	125.9289489	128.3556774	67.16186697	0	0	0	0	0	0	0	0	0	0	0	0	0	0	0	0	0
erpe_2018_sw_42hr_WHONDRS-SW48-000099_B_bin.8	131.234534	0	124.4880817	112.795567	151.765394	120.2689955	103.2248815	80.15410686	84.85742442	103.7498866	98.88458175	109.0492091	90.79317508	101.2662517	106.6699768	0	0	0	0	0	0	0	0	0	0	0	0	0	0	0	0	0
erpe_2018_sw_18hr_WHONDRS-SW48-000091_B_bin.48	0	0	90.05554327	105.0419517	203.0583617	154.3708539	157.0569358	99.72031159	63.05025198	76.48228817	133.9202658	139.4464164	163.1512313	106.2902126	0	0	0	0	0	0	0	0	0	0	0	0	0	0	0	0	0	0
erpe_2018_pw_0hr_WHONDRS-PP48-000085_B_bin.23	0	0	0	0	0	0	0	0	0	0	0	0	0	0	0	1455.00141	0	0	0	0	0	0	0	0	0	0	0	0	0	0	0	0
erpe_2018_sw_6hr_WHONDRS-SW48-000087_B_bin.42	132.97521	0	135.7529021	129.7828964	133.1300023	102.765151	91.46863755	94.57519808	80.52018652	98.89599661	95.44128902	83.69480471	0	108.9286077	85.73528595	0	0	0	0	0	0	0	0	0	0	0	0	0	0	0	0	0
erpe_2018_pw_0hr_WHONDRS-PP48-000085_B_bin.66	0	0	0	0	0	0	0	0	0	0	0	0	0	0	0	1213.73078	0	0	0	0	0	0	0	0	0	0	0	0	0	0	0	0
erpe_2018_sw_21hr_WHONDRS-SW48-000092_B_bin.67	86.75687228	0	84.50584678	89.00879782	85.48125782	79.91290957	78.66484668	73.00038195	54.95044507	88.87177525	88.84344928	74.12583348	81.59708178	91.73214398	78.03235637	0	0	0	0	0	0	0	0	0	0	0	0	0	0	0	0	0
erpe_2018_sw_30hr_WHONDRS-SW48-000095_B_bin.60	99.46154617	0	85.99075492	0	99.73515575	0	81.26987854	80.10296824	93.69522718	86.29733638	89.33792633	78.45545602	0	80.83602089	75.80546583	0	0	0	0	0	0	0	0	0	0	0	0	0	0	0	0	0
erpe_2018_sw_42hr_WHONDRS-SW48-000099_B_bin.14	61.72052649	0	75.42309299	83.216126	0	68.18373523	74.98854982	108.3400103	0	81.40590252	70.67051541	69.07179938	0	117.3535292	51.13209452	0	0	0	0	0	0	0	0	0	0	0	0	0	0	0	0	0
erpe_2018_sw_42hr_WHONDRS-SW48-000099_A_bin.59	64.12243326	0	67.64012616	70.63152767	60.43512289	66.26550569	69.05508576	65.66767186	0	70.11055197	61.92152004	64.17500189	0	90.9165659	71.19810608	0	0	0	0	0	0	0	0	0	0	0	0	0	0	0	0	0
erpe_2018_pw_0hr_WHONDRS-PP48-000085_B_bin.40	0	0	0	0	0	0	0	0	0	0	0	0	0	0	0	799.7977634	0	0	0	0	0	0	0	0	0	0	0	0	0	0	0	0
erpe_2018_sw_21hr_WHONDRS-SW48-000092_B_bin.50	67.76202845	0	73.91455235	0	0	71.59392107	70.39515526	81.00925825	0	77.71587347	66.02531861	68.538318	0	88.19253513	71.80762138	0	0	0	0	0	0	0	0	0	0	0	0	0	0	0	0	0
erpe_2018_sw_42hr_WHONDRS-SW48-000099_B_bin.91	65.15101451	0	69.51497039	0	0	69.06958428	69.35946733	67.72458085	0	77.67832957	67.76501159	66.83679318	0	98.29754748	68.18412492	0	0	0	0	0	0	0	0	0	0	0	0	0	0	0	0	0
erpe_2018_sw_18hr_WHONDRS-SW48-000091_B_bin.57	90.74121174	0	76.59290126	0	0	0	86.05301745	72.12534332	82.00222737	75.51151018	68.28114456	0	0	72.46818985	67.03228498	0	0	0	0	0	0	0	0	0	0	0	0	0	0	0	0	0
erpe_2018_sw_42hr_WHONDRS-SW48-000099_B_bin.85	86.54211356	0	74.22571347	0	0	0	68.97997862	69.6053457	80.1390903	73.67722249	64.48413832	0	0	84.29814982	64.37825379	0	0	0	0	0	0	0	0	0	0	0	0	0	0	0	0	0
erpe_2018_sw_3hr_WHONDRS-SW48-000086_B_bin.4	0	566.9043064	0	0	0	0	0	0	0	0	0	0	0	0	0	0	0	0	0	0	0	0	0	0	0	0	0	0	0	0	0	0
erpe_2018_sw_24hr_WHONDRS-SW48-000093_B_bin.29	0	0	0	0	0	0	0	0	361.9204237	0	0	0	0	0	0	0	0	0	0	0	0	0	0	0	0	0	0	0	0	0	0	0
erpe_2018_sw_0hr_WHONDRS-SW48-000085_B_bin.39	289.6021371	0	0	0	0	0	0	0	0	0	0	0	0	0	0	0	0	0	0	0	0	0	0	0	0	0	0	0	0	0	0	0
erpe_2018_sw_21hr_WHONDRS-SW48-000092_B_bin.83	0	0	0	0	0	0	0	180.8545754	0	0	0	0	0	0	0	0	0	0	0	0	0	0	0	0	0	0	0	0	0	0	0	0
erpe_2018_sw_6hr_WHONDRS-SW48-000087_B_bin.81	0	0	171.7530624	0	0	0	0	0	0	0	0	0	0	0	0	0	0	0	0	0	0	0	0	0	0	0	0	0	0	0	0	0